{
  "project_info": {
    "project_number": "908102696889",
    "firebase_url": "https://storemanagerdemo-6d944.firebaseio.com",
    "project_id": "storemanagerdemo-6d944",
    "storage_bucket": "storemanagerdemo-6d944.appspot.com"
  },
  "client": [
    {
      "client_info": {
        "mobilesdk_app_id": "1:908102696889:android:a5834cd4cf47e1512f8068",
        "android_client_info": {
          "package_name": "com.gogrocersm.tcc"
        }
      },
      "oauth_client": [
        {
          "client_id": "908102696889-46bl70810f5cj5qq1j071if0bqf8qqct.apps.googleusercontent.com",
          "client_type": 3
        }
      ],
      "api_key": [
        {
          "current_key": "AIzaSyBznf2as8xS5M54iySv4gSORoPMrkY-WVQ"
        }
      ],
      "services": {
        "appinvite_service": {
          "other_platform_oauth_client": [
            {
              "client_id": "908102696889-46bl70810f5cj5qq1j071if0bqf8qqct.apps.googleusercontent.com",
              "client_type": 3
            }
          ]
        }
      }
    }
  ],
  "configuration_version": "1"
}